<?xml version="1.0" encoding="UTF-8"?>
<modification>
    <name>KOMTET Kassa</name>
    <code>komtet_kassa</code>
    <version>1.0.1</version>
    <author>KOMTET</author>
    <link>http://kassa.komtet.ru</link>
    <file path="admin/controller/common/column_left.php">
        <operation>
            <search trim="true"><![CDATA[
            $report_sale = array();
            ]]></search>
            <add position="after" trim="true"><![CDATA[
            if ($this->user->hasPermission('access', 'extension/report/komtet_kassa')) {
                $report_sale[] = array(
                    'name' => 'KOMTET Касса',
                    'href' => $this->url->link('extension/report/komtet_kassa', 'token=' . $this->session->data['token'], true),
                    'children' => array()
                );
            }
            ]]></add>
        </operation>
    </file>
</modification>

